Day,Publish date,Working article title,Change vs original,Primary query,Cluster,Audience,Priority,Primary internal link,Link status,Secondary internal links,Existing blog posts to link,Sibling posts in this plan,Live listings embed (paste into post body),Primary CTA,Local research / angle,Build and data notes,Original link (for reference),Status,Published URL,Organic clicks (28d),Qualified leads
1,2026-10-10,Sulphur vs Moss Bluff: Where Should You Buy?,Kept,sulphur vs moss bluff la,Comparisons,Buyer,High,/sulphur/homes-for-sale,Existing page,/moss-bluff/homes-for-sale ; /buyer-quiz,/blog/best-suburbs-lake-charles,D2 ; D3 ; D6,"{{listings city=Sulphur limit=2 href=/sulphur/homes-for-sale}}
{{listings city=""Moss Bluff"" limit=2 href=/moss-bluff/homes-for-sale}}",Explore both communities,"Compare sold prices, housing styles, commute routes and utilities","No closed-sales data in Supabase yet: compare active/pending list prices, not 'sold prices', until a Closed sync exists.",https://www.landhomegroup.com/sulphur/,Planned,,,
2,2026-10-11,What Does $250K Buy in Sulphur?,Kept,houses in sulphur la under 250k,Price & inventory,Buyer,High,/sulphur/homes-under-250k,Existing page,/get-pre-approved ; /sulphur/homes-for-sale,/blog/lake-charles-first-time-home-buyer-guide,D1 ; D4 ; D7,{{listings city=Sulphur max=250000 limit=3 href=/sulphur/homes-under-250k}},See homes under $250K,"MLS snapshot: 3 examples, beds, sq ft, condition, lot",Strong inventory (68). Lead post for the Bayou pre-approval handoff.,https://www.landhomegroup.com/sulphur/homes-under-250k/GA,Planned,,,
3,2026-10-12,What Does $300K Buy in Moss Bluff?,Kept,moss bluff homes under 300k,Price & inventory,Buyer,High,/moss-bluff/homes-under-300k,Existing page,/get-pre-approved ; /moss-bluff/homes-for-sale,/blog/best-suburbs-lake-charles,D1 ; D5 ; D6,"{{listings city=""Moss Bluff"" max=300000 limit=3 href=/moss-bluff/homes-under-300k}}",View Moss Bluff listings,MLS snapshot: current choices and realistic tradeoffs,,https://www.landhomegroup.com/moss-bluff/homes-under-300k/GA,Planned,,,
4,2026-10-13,Carlyss vs Sulphur: Which Location Fits Your Commute?,Kept,living in carlyss vs sulphur,Comparisons,Buyer,High,/carlyss/homes-for-sale,Existing page,/sulphur/homes-for-sale ; /carlyss/homes-with-acreage,/blog/best-suburbs-lake-charles,D2 ; D8 ; D1,"{{listings city=Carlyss limit=2 href=/carlyss/homes-for-sale}}
{{listings city=Sulphur limit=2 href=/sulphur/homes-for-sale}}",Search Sulphur area homes,"Compare routes, services, boundaries, home stock",,https://www.landhomegroup.com/sulphur/,Planned,,,
5,2026-10-14,Moss Bluff vs South Lake Charles: What Changes?,Kept,moss bluff vs south lake charles,Comparisons,Buyer,High,/moss-bluff/homes-for-sale,Existing page,/lake-charles/homes-for-sale ; /moss-bluff/homes-under-300k,/blog/best-suburbs-lake-charles ; /blog/best-neighborhoods-lake-charles,D6 ; D3 ; D9,"{{listings city=""Moss Bluff"" limit=2 href=/moss-bluff/homes-for-sale}}
{{listings city=""Lake Charles"" limit=2 href=/lake-charles/homes-for-sale}}",See Moss Bluff homes,"Compare housing, commute and lot sizes with current sales",,https://www.landhomegroup.com/moss-bluff/,Planned,,,
6,2026-10-15,Buying a House with a Shop in Moss Bluff,Kept,homes with shops moss bluff la,Land & property,Buyer,High,/moss-bluff/homes-with-shop-for-sale,Existing page,/moss-bluff/homes-with-acreage ; /lake-charles/homes-with-shop-for-sale,,D5 ; D3 ; D1,"{{listings city=""Moss Bluff"" features=shop limit=3 href=/moss-bluff/homes-with-shop-for-sale}}",Browse homes with shops,"Compare shop sizes, electrical, permits, insurability","15 shop listings. Requires the feature-filter fix in this branch (shop key was unmapped, page showed all listings).",https://www.landhomegroup.com/moss-bluff/homes-with-shop-for-sale,Planned,,,
7,2026-10-16,Living in Westlake vs Sulphur,Kept,westlake vs sulphur louisiana,Comparisons,Buyer,High,/westlake/homes-for-sale,Existing page,/sulphur/homes-for-sale ; /westlake/homes-under-250k,/blog/best-suburbs-lake-charles ; /blog/venture-global-cp2-relocation-guide,D2 ; D4 ; D11,"{{listings city=Westlake limit=2 href=/westlake/homes-for-sale}}
{{listings city=Sulphur limit=2 href=/sulphur/homes-for-sale}}",Compare available homes,"Travel routes, neighborhood amenities, price mix",,https://www.landhomegroup.com/westlake/,Planned,,,
8,2026-10-17,Buying Land in Carlyss: A Due Diligence Checklist,Kept,buying land in carlyss louisiana,Land & property,Buyer,High,/carlyss/land-for-sale,Existing page,/carlyss/homes-with-acreage ; /blog/lake-charles-flood-zones-explained,/blog/lake-charles-flood-zones-explained,D4 ; D17 ; D47,{{listings city=Carlyss category=land limit=3 href=/carlyss/land-for-sale}},Browse Carlyss land listings,"Flood maps, sewer, access, zoning and utilities",Original link was the city hub; the land page (92 listings) is the right target.,https://www.landhomegroup.com/carlyss/,Planned,,,
9,2026-10-18,Homes on an Acre in Moss Bluff: What to Check,Kept,houses with acreage moss bluff,Land & property,Buyer,High,/moss-bluff/homes-with-acreage,Existing page,/moss-bluff/land-for-sale ; /moss-bluff/homes-with-shop-for-sale,,D11 ; D12 ; D5,"{{listings city=""Moss Bluff"" features=acre_plus limit=3 href=/moss-bluff/homes-with-acreage}}",Browse acreage properties,"Lot dimensions, drainage, restrictions, maintenance",,https://www.landhomegroup.com/moss-bluff/homes-with-acreage,Planned,,,
10,2026-10-19,New Construction in Moss Bluff: What Buyers Should Know,Kept,new construction moss bluff louisiana,Land & property,Buyer,High,/moss-bluff/new-construction-homes,Existing page,/get-pre-approved ; /moss-bluff/homes-for-sale,,D11 ; D12 ; D13,"{{listings city=""Moss Bluff"" features=new_construction limit=3 href=/moss-bluff/new-construction-homes}}",Explore new builds,"Builder allowances, warranties, inspections, new-home inventory",Only 8 new-construction listings; say so honestly and cover lots-plus-builder route.,https://www.landhomegroup.com/moss-bluff/new-construction-homes,Planned,,,
11,2026-10-20,What $300K Buys in Sulphur vs Moss Bluff,Kept,300k homes sulphur vs moss bluff,Comparisons,Buyer,High,/listings?city=Sulphur&maxPrice=300000,Search fallback: create dedicated page,/moss-bluff/homes-under-300k ; /get-pre-approved,,D10 ; D12 ; D9,"{{listings city=Sulphur max=300000 limit=3 href=/listings?city=Sulphur&maxPrice=300000}}
{{listings city=""Moss Bluff"" max=300000 limit=3 href=/moss-bluff/homes-under-300k}}",Compare local inventory,Apples-to-apples listings and sold comps,"No /sulphur/homes-under-300k page. Create one (seo_pages row), then repoint.",https://www.landhomegroup.com/sulphur/,Planned,,,
12,2026-10-21,Moss Bluff Subdivisions: How to Research the Right One,Kept,subdivisions moss bluff la,Neighborhoods,Buyer,High,/moss-bluff/homes-for-sale,Existing page,/moss-bluff/70611-homes-for-sale ; /moss-bluff/porters-cove-homes-for-sale,/blog/best-suburbs-lake-charles,D11 ; D10 ; D14,"{{listings city=""Moss Bluff"" hood=porters,orleans limit=3 href=/moss-bluff/homes-for-sale}}",View Moss Bluff homes,"Verify subdivision names, HOA, lot sizes, nearby routes","Only 2 subdivision pages exist (Porters Cove 1, Orleans Run 2 listings): thin. Grow the list as the post is researched.",https://www.landhomegroup.com/moss-bluff/,Planned,,,
13,2026-10-22,Is 70611 the Same as Moss Bluff?,Kept,70611 moss bluff lake charles address,Neighborhoods,Buyer,High,/moss-bluff/70611-homes-for-sale,Existing page,/moss-bluff/homes-for-sale ; /home-value,,D14 ; D11 ; D10,"{{listings city=""Moss Bluff"" zip=70611 limit=3 href=/moss-bluff/70611-homes-for-sale}}",Explore 70611 listings,"ZIP, mailing address, place boundaries and school lookup",Informational. Day 84 is the transactional twin: keep them distinct to avoid cannibalizing.,https://www.landhomegroup.com/moss-bluff/70611-homes-for-sale/GA,Planned,,,
14,2026-10-23,What Does $250K Buy in Moss Bluff?,Kept,moss bluff houses under 250000,Price & inventory,Buyer,High,/moss-bluff/homes-under-250k,Existing page,/get-pre-approved ; /moss-bluff/homes-under-300k,,D13 ; D12 ; D11,"{{listings city=""Moss Bluff"" max=250000 limit=3 href=/moss-bluff/homes-under-250k}}",Browse under $250K,"Snapshot of selection, condition and neighborhoods",,https://www.landhomegroup.com/moss-bluff/homes-under-250k/GA,Planned,,,
15,2026-10-24,How to Research Flood Zones Before Buying in Sulphur,Reframed,flood zones sulphur la homes,Local due diligence,Buyer,High,/sulphur/homes-for-sale,Existing page,/sulphur/homes-for-sale ; /get-pre-approved,/blog/lake-charles-flood-zones-explained,D11 ; D19 ; D21,{{listings city=Sulphur limit=3 href=/sulphur/homes-for-sale}},Browse Sulphur homes,"FEMA maps, elevation certificates, insurer quote process",Flood content is allowed on this site (Bayou 'no flood' rule does not apply). Do not duplicate the Lake Charles flood explainer: link to it and stay Sulphur/parish-specific. Point to the Flood Zone row on listing pages.,https://www.landhomegroup.com/sulphur/,Planned,,,
16,2026-10-25,Where to Live If You Work in Westlake's Industrial Corridor,Kept,where to live near westlake plants,Relocation,Buyer,High,/westlake/homes-for-sale,Existing page,/sulphur/homes-for-sale ; /lake-charles/homes-for-sale,/blog/venture-global-cp2-relocation-guide ; /blog/moving-to-lake-charles,D7 ; D23 ; D38,{{listings city=Westlake limit=3 href=/westlake/homes-for-sale}},Explore homes near work,"Workplace-dependent route comparisons, shift traffic, budget",,https://www.landhomegroup.com/westlake/,Planned,,,
17,2026-10-26,"Living in Carlyss: Housing, Utilities, and Daily Life",Kept,living in carlyss louisiana,Neighborhoods,Buyer,High,/carlyss/homes-for-sale,Existing page,/carlyss/land-for-sale ; /carlyss/homes-with-acreage,/blog/woodside-lng-relocation-guide,D8 ; D4 ; D47,{{listings city=Carlyss limit=3 href=/carlyss/homes-for-sale}},Search Carlyss homes,"Defined boundaries, roads, service availability, home styles",Carlyss has 139 homes and a Woodside LNG guide already published: link it.,https://www.landhomegroup.com/carlyss/,Planned,,,
18,2026-10-27,How Much House Can You Buy for $350K in Lake Charles?,Kept,lake charles homes under 350k,Price & inventory,Buyer,High,/listings?city=Lake+Charles&maxPrice=350000,Search fallback: create dedicated page,/lake-charles/homes-under-250k ; /get-pre-approved,/blog/how-to-buy-a-house-in-lake-charles,D20 ; D25 ; D28,"{{listings city=""Lake Charles"" max=350000 limit=3 href=/listings?city=Lake+Charles&maxPrice=350000}}",View Lake Charles homes,Compare neighborhoods using live listings and recent sales,No $350K page. Create lake-charles/homes-under-350k.,https://www.landhomegroup.com/lake-charles/,Planned,,,
19,2026-10-28,Older vs Newer Homes in Sulphur: Which Costs More?,Kept,older vs newer homes sulphur la,Price & inventory,Buyer,High,/sulphur/homes-for-sale,Existing page,/sulphur/homes-under-250k ; /sulphur/new-construction-homes,,D21 ; D22 ; D15,"{{listings city=Sulphur features=updated limit=2 href=/sulphur/homes-for-sale}}
{{listings city=Sulphur features=new_construction limit=2 href=/sulphur/new-construction-homes}}",Browse Sulphur inventory,Price and maintenance cost tradeoffs; local examples,,https://www.landhomegroup.com/sulphur/,Planned,,,
20,2026-10-29,What to Know About Buying a Home with a Large Lot in Lake Charles,Retitled,homes with large lots lake charles,Land & property,Buyer,High,/lake-charles/homes-with-acreage,Existing page,/moss-bluff/homes-with-acreage ; /lake-charles/land-for-sale,,D18 ; D25 ; D27,"{{listings city=""Lake Charles"" features=acre_plus limit=3 href=/lake-charles/homes-with-acreage}}",See larger-lot homes,"Access, easements, drainage, mowing and restrictions",'SWLA' removed from title per header rule. Original linked Moss Bluff for a Lake Charles query.,https://www.landhomegroup.com/moss-bluff/homes-with-acreage,Planned,,,
21,2026-10-30,"Living in Maplewood, Sulphur: A Local Guide",Kept,maplewood sulphur louisiana homes,Neighborhoods,Buyer,High,/sulphur/homes-for-sale,Existing page,/sulphur/homes-under-250k ; /sulphur/70663-homes-for-sale,/blog/best-suburbs-lake-charles,D22 ; D19 ; D23,{{listings city=Sulphur zip=70663 limit=3 href=/sulphur/70663-homes-for-sale}},Search nearby homes,"Define neighborhood, shops, housing styles and price comps",Verify Maplewood sits in 70663 before using the ZIP embed.,https://www.landhomegroup.com/sulphur/,Planned,,,
22,2026-10-31,The Real Costs of Buying a New Construction Home in Sulphur,Kept,new construction sulphur la costs,Land & property,Buyer,High,/sulphur/new-construction-homes,Existing page,/get-pre-approved ; /sulphur/homes-for-sale,,D21 ; D23 ; D19,{{listings city=Sulphur features=new_construction limit=3 href=/sulphur/new-construction-homes}},Browse new homes,"Upgrades, closing costs, insurance, inspections","Only 5 listings: thin. Lead with costs, not inventory.",https://www.landhomegroup.com/sulphur/,Planned,,,
23,2026-11-01,Should You Buy in Sulphur or Westlake for a Plant Commute?,Kept,sulphur vs westlake commute plants,Relocation,Buyer,High,/westlake/homes-for-sale,Existing page,/sulphur/homes-for-sale ; /westlake/homes-under-250k,/blog/venture-global-cp2-relocation-guide ; /blog/moving-to-lake-charles,D22 ; D21 ; D26,"{{listings city=Westlake limit=2 href=/westlake/homes-for-sale}}
{{listings city=Sulphur limit=2 href=/sulphur/homes-for-sale}}",Compare local homes,Map routes to major employers; avoid unsourced drive times,Overlaps Day 16/40: keep this one strictly Sulphur vs Westlake.,https://www.landhomegroup.com/westlake/,Planned,,,
24,2026-11-02,What Does $400K Buy in Moss Bluff?,Kept,moss bluff homes under 400k,Price & inventory,Buyer,High,/listings?city=Moss+Bluff&maxPrice=400000,Search fallback: create dedicated page,/moss-bluff/homes-under-300k ; /moss-bluff/luxury-homes-for-sale,,D25 ; D30 ; D29,"{{listings city=""Moss Bluff"" max=400000 limit=3 href=/listings?city=Moss+Bluff&maxPrice=400000}}",Explore listings,"Compare space, age and features at $400K",No $400K page. Moss Bluff stock is deep in land/acreage but modest in finished homes; check count before writing.,https://www.landhomegroup.com/moss-bluff/,Planned,,,
25,2026-11-03,How to Verify School Attendance Zones in Calcasieu Parish,Kept,calcasieu parish school zone address lookup,Local due diligence,Buyer,High,/lake-charles/barbe-school-district-homes-for-sale,Existing page,/moss-bluff/homes-for-sale ; /lake-charles/homes-for-sale,,D24 ; D27 ; D29,"{{listings city=""Lake Charles"" limit=2 href=/lake-charles/barbe-school-district-homes-for-sale}}",Browse by location,"Official district boundaries, address verification, update dates",Original linked Moss Bluff only. A Barbe school-district page (90 listings) exists: strongest hook. Never promise a zone; send readers to the district lookup.,https://www.landhomegroup.com/moss-bluff/,Planned,,,
26,2026-11-04,Where Can You Find Houses with Workshops in Sulphur?,Kept,homes with workshop sulphur la,Land & property,Buyer,High,/sulphur/homes-with-shop-for-sale,Existing page,/sulphur/homes-with-acreage ; /moss-bluff/homes-with-shop-for-sale,,D23 ; D21 ; D19,{{listings city=Sulphur features=shop limit=3 href=/sulphur/homes-with-shop-for-sale}},Find homes with shops,Workshop vs garage definitions and MLS examples,30 shop listings. Needs feature-filter fix.,https://www.landhomegroup.com/sulphur/,Planned,,,
27,2026-11-05,Buying Your First House in Lake Charles: Local Timeline,Kept,buying first house lake charles la,Price & inventory,Buyer,High,/lake-charles/homes-under-200k,Existing page,/get-pre-approved ; /buyer-quiz,/blog/lake-charles-first-time-home-buyer-guide ; /blog/how-to-buy-a-house-in-lake-charles ; /blog/how-to-get-mortgage-pre-approval-lake-charles,D28 ; D25 ; D30,"{{listings city=""Lake Charles"" max=200000 limit=3 href=/lake-charles/homes-under-200k}}",View homes under $200K,"Offer, inspection, insurance, lender, title milestones",Strong Bayou handoff. Duplicates intent of existing first-time-buyer guide: make this the timeline/checklist and link it.,https://www.landhomegroup.com/lake-charles/,Planned,,,
28,2026-11-06,How to Compare Property Taxes on Two Calcasieu Parish Homes,Kept,calcasieu parish property taxes on house,Local due diligence,Buyer,High,/lake-charles/homes-for-sale,Existing page,/home-value ; /lake-charles/homes-under-250k,/blog/how-to-buy-a-house-in-lake-charles,D27 ; D30 ; D31,"{{listings city=""Lake Charles"" limit=3 href=/lake-charles/homes-for-sale}}",Search local properties,"Assessor sources, homestead questions, bill estimates",,https://www.landhomegroup.com/lake-charles/,Planned,,,
29,2026-11-07,The Best Way to Compare Two Houses in Moss Bluff,Kept,comparing homes moss bluff la,Price & inventory,Buyer,High,/moss-bluff/homes-for-sale,Existing page,/buyer-quiz ; /moss-bluff/homes-under-300k,,D30 ; D25 ; D34,"{{listings city=""Moss Bluff"" limit=3 href=/moss-bluff/homes-for-sale}}",Compare current homes,"Checklist: layout, age, flood risk, insurance, drive",,https://www.landhomegroup.com/moss-bluff/,Planned,,,
30,2026-11-08,Living in North Lake Charles vs Moss Bluff,Kept,north lake charles vs moss bluff,Comparisons,Buyer,High,/moss-bluff/homes-for-sale,Existing page,/lake-charles/homes-for-sale ; /lake-charles/70605-homes-for-sale,/blog/best-neighborhoods-lake-charles,D29 ; D31 ; D28,"{{listings city=""Moss Bluff"" limit=2 href=/moss-bluff/homes-for-sale}}
{{listings city=""Lake Charles"" limit=2 href=/lake-charles/homes-for-sale}}",See Moss Bluff inventory,Route and property differences; avoid broad neighborhood claims,,https://www.landhomegroup.com/moss-bluff/,Planned,,,
31,2026-11-09,Buying a House in Graywood: What to Investigate,Kept,graywood lake charles buying guide,Neighborhoods,Buyer,Medium,/lake-charles/graywood-homes-for-sale,Existing page,/lake-charles/golf-course-homes-for-sale ; /lake-charles/homes-for-sale,/blog/best-neighborhoods-lake-charles,D30 ; D28 ; D27,"{{listings city=""Lake Charles"" hood=graywood limit=3 href=/lake-charles/graywood-homes-for-sale}}",Explore nearby listings,"HOA docs, amenities, fees, recent sales, current inventory",Graywood page has only 5 listings: thin. Pair with golf-course page (7).,https://www.landhomegroup.com/lake-charles/,Planned,,,
32,2026-11-10,Living in Morganfield: A Buyer Neighborhood Guide,Kept,morganfield lake charles neighborhood,Neighborhoods,Buyer,Medium,/lake-charles/morganfield-homes-for-sale,Existing page,/lake-charles/70605-homes-for-sale ; /lake-charles/new-construction-homes,/blog/best-neighborhoods-lake-charles,D30 ; D28 ; D31,"{{listings city=""Lake Charles"" hood=morganfield limit=3 href=/lake-charles/morganfield-homes-for-sale}}",View Morganfield area,"Sections, home types, amenities, restrictions, recent closings",47 listings. Good one.,https://www.landhomegroup.com/lake-charles/,Planned,,,
33,2026-11-11,"Southridge Estates: Homes, Lots and Local Amenities",Kept,southridge estates lake charles homes,Neighborhoods,Buyer,Medium,/listings?city=Lake+Charles&neighborhood=southridge-estates,Search fallback: create dedicated page,/lake-charles/homes-for-sale ; /lake-charles/70605-homes-for-sale,/blog/best-neighborhoods-lake-charles,D30 ; D36 ; D32,"{{listings city=""Lake Charles"" hood=southridge limit=3 href=/listings?city=Lake+Charles&neighborhood=southridge-estates}}",Search community homes,Confirm subdivision boundary and MLS comps,No seo_pages row for Southridge Estates (neighborhood exists in code). Add one.,https://www.landhomegroup.com/lake-charles/,Planned,,,
34,2026-11-12,New Construction vs Resale in Moss Bluff,Kept,new construction vs existing homes moss bluff,Land & property,Buyer,Medium,/moss-bluff/new-construction-homes,Existing page,/moss-bluff/homes-for-sale ; /get-pre-approved,,D30 ; D29 ; D37,"{{listings city=""Moss Bluff"" features=new_construction limit=2 href=/moss-bluff/new-construction-homes}}
{{listings city=""Moss Bluff"" limit=2 href=/moss-bluff/homes-for-sale}}",Compare new builds,"Closing costs, incentives, condition, warranty",,https://www.landhomegroup.com/moss-bluff/new-construction-homes,Planned,,,
35,2026-11-13,What Should You Inspect on an Older Sulphur House?,Kept,buying older home sulphur louisiana,Local due diligence,Buyer,Medium,/sulphur/homes-for-sale,Existing page,/sulphur/fixer-upper-homes-for-sale ; /sulphur/homes-under-200k,,D39 ; D40 ; D26,{{listings city=Sulphur max=200000 limit=3 href=/sulphur/homes-under-200k}},Browse existing homes,"Roof, HVAC, drainage, insurance history, disclosures",,https://www.landhomegroup.com/sulphur/,Planned,,,
36,2026-11-14,Where Can You Buy a Home with a Pool in Lake Charles?,Kept,houses with pool lake charles la,Land & property,Buyer,Medium,/lake-charles/homes-with-pools,Existing page,/lake-charles/homes-for-sale ; /lake-charles/luxury-homes-for-sale,,D33 ; D32 ; D40,"{{listings city=""Lake Charles"" features=pool limit=3 href=/lake-charles/homes-with-pools}}",View pool homes,Maintenance and insurance considerations; current inventory,222 pool listings.,https://www.landhomegroup.com/lake-charles/,Planned,,,
37,2026-11-15,How to Buy a Lot and Build in Moss Bluff,Kept,build house moss bluff la lot,Land & property,Buyer,Medium,/moss-bluff/land-for-sale,Existing page,/moss-bluff/homes-with-acreage ; /get-pre-approved,,D34 ; D30 ; D29,"{{listings city=""Moss Bluff"" category=land limit=3 href=/moss-bluff/land-for-sale}}",Browse Moss Bluff lots,"Survey, soil, utilities, permits and builder coordination",Original linked acreage homes; land page (135) is the better target for a build-on-a-lot query.,https://www.landhomegroup.com/moss-bluff/homes-with-acreage,Planned,,,
38,2026-11-16,What Does $200K Buy in Westlake?,Kept,homes in westlake la under 200k,Price & inventory,Buyer,Medium,/westlake/homes-under-200k,Existing page,/westlake/homes-for-sale ; /get-pre-approved,,D40 ; D41 ; D50,{{listings city=Westlake max=200000 limit=3 href=/westlake/homes-under-200k}},Search Westlake homes,Current inventory and condition tradeoffs,"Only 6 listings: thin, set expectations.",https://www.landhomegroup.com/westlake/,Planned,,,
39,2026-11-17,Commute Guide: Sulphur to Cameron Parish Job Sites,Kept,sulphur to cameron parish commute,Relocation,Buyer,Medium,/sulphur/homes-for-sale,Existing page,/westlake/homes-for-sale,/blog/venture-global-cp2-relocation-guide ; /blog/moving-to-lake-charles,D35 ; D40 ; D47,{{listings city=Sulphur limit=3 href=/sulphur/homes-for-sale}},See Sulphur homes,"Jobsite-specific routes, shift variation and fuel costs","Cameron Parish side: link Cameron hub (41 homes, 30 land) if relevant.",https://www.landhomegroup.com/sulphur/,Planned,,,
40,2026-11-18,Where to Live When Relocating for Sasol in Westlake,Kept,homes near sasol westlake la,Relocation,Buyer,Medium,/westlake/homes-for-sale,Existing page,/sulphur/homes-for-sale ; /lake-charles/homes-for-sale,/blog/moving-to-lake-charles,D38 ; D36 ; D39,{{listings city=Westlake limit=3 href=/westlake/homes-for-sale}},Find nearby homes,Employer gate routes; compare Westlake Sulphur Lake Charles,Name employers factually; no unsourced drive times.,https://www.landhomegroup.com/westlake/,Planned,,,
41,2026-11-19,Where to Live Near Phillips 66 Lake Charles,Kept,homes near phillips 66 lake charles,Relocation,Buyer,Medium,/westlake/homes-for-sale,Existing page,/lake-charles/homes-for-sale ; /westlake/homes-under-250k,/blog/moving-to-lake-charles,D38 ; D44 ; D40,{{listings city=Westlake limit=3 href=/westlake/homes-for-sale}},Explore westside homes,Ground commute options and nearby home prices,,https://www.landhomegroup.com/westlake/,Planned,,,
42,2026-11-20,Buying a Fixer-Upper in Moss Bluff: What to Budget,Kept,moss bluff fixer upper homes,Land & property,Buyer,Medium,/moss-bluff/fixer-upper-homes-for-sale,Existing page,/lake-charles/fixer-upper-homes-for-sale ; /get-pre-approved,,D45 ; D37 ; D34,"{{listings city=""Moss Bluff"" features=fixer limit=3 href=/moss-bluff/fixer-upper-homes-for-sale}}",See fixer-uppers,"Repairs, inspections, estimates and lending questions",Only 4 listings: thin. Pair with Lake Charles fixers (22).,https://www.landhomegroup.com/moss-bluff/fixer-upper-homes-for-sale,Planned,,,
43,2026-11-21,Should You Rent or Buy During an LNG Project Assignment?,Kept,rent or buy lake charles lng job,Relocation,Buyer,Medium,/lake-charles/homes-for-sale,Existing page,/lake-charles/homes-under-250k ; /get-pre-approved,/blog/moving-to-lake-charles ; /blog/cost-of-living-in-lake-charles,D44 ; D46 ; D41,"{{listings city=""Lake Charles"" limit=3 href=/lake-charles/homes-for-sale}}",Compare homes,"Job duration, sale costs, lease flexibility; neutral math",,https://www.landhomegroup.com/lake-charles/,Planned,,,
44,2026-11-22,Living in the Charpentier Historic District: What Buyers Ask,Kept,charpentier historic district real estate,Neighborhoods,Buyer,Medium,/listings?city=Lake+Charles&neighborhood=charpentier-historic-district,Search fallback: create dedicated page,/lake-charles/homes-for-sale ; /lake-charles/70601-homes-for-sale,/blog/best-neighborhoods-lake-charles,D43 ; D46 ; D41,"{{listings city=""Lake Charles"" hood=charpentier limit=3 href=/listings?city=Lake+Charles&neighborhood=charpentier-historic-district}}",Explore historic homes,"Historic rules, upkeep, property styles, walkability",No seo_pages row for Charpentier. Add one.,https://www.landhomegroup.com/lake-charles/,Planned,,,
45,2026-11-23,What You Should Know About Buying Waterfront Property Near Moss Bluff,Kept,moss bluff waterfront homes buying,Land & property,Buyer,Medium,/moss-bluff/waterfront-homes,Existing page,/lake-charles/waterfront-homes ; /blog/lake-charles-flood-zones-explained,/blog/lake-charles-flood-zones-explained,D42 ; D37 ; D57,"{{listings city=""Moss Bluff"" features=waterfront limit=3 href=/moss-bluff/waterfront-homes}}",Browse waterfront homes,"Flood, shoreline, access, insurance, condition",9 listings.,https://www.landhomegroup.com/moss-bluff/waterfront-homes/GA,Planned,,,
46,2026-11-24,How Much Does It Cost to Build a House in Calcasieu Parish?,Kept,cost to build house calcasieu parish,Land & property,Buyer,Medium,/lake-charles/new-construction-homes,Existing page,/lake-charles/land-for-sale ; /moss-bluff/land-for-sale,,D44 ; D43 ; D41,"{{listings city=""Lake Charles"" category=land limit=3 href=/lake-charles/land-for-sale}}",Explore lots and homes,"Interview local builders, quote categories, sitework",Original linked Moss Bluff acreage for a Calcasieu Parish query.,https://www.landhomegroup.com/moss-bluff/homes-with-acreage,Planned,,,
47,2026-11-25,What $350K Buys in Carlyss vs Sulphur,Kept,houses 350k carlyss sulphur,Comparisons,Buyer,Medium,/listings?city=Carlyss&maxPrice=350000,Search fallback: create dedicated page,/carlyss/homes-for-sale ; /sulphur/homes-for-sale ; /get-pre-approved,,D52 ; D40 ; D39,"{{listings city=Carlyss max=350000 limit=2 href=/listings?city=Carlyss&maxPrice=350000}}
{{listings city=Sulphur max=350000 limit=2 href=/listings?city=Sulphur&maxPrice=350000}}",See available homes,"3 live examples per area, recent comps and lots",No $350K pages.,https://www.landhomegroup.com/sulphur/,Planned,,,
48,2026-11-26,What to Know Before Buying a Manufactured Home in Calcasieu Parish,Retitled,manufactured homes calcasieu parish buying,Land & property,Buyer,Medium,/lake-charles/mobile-homes,Existing page,/sulphur/mobile-homes ; /get-pre-approved,,D51 ; D44 ; D43,"{{listings city=""Lake Charles"" category=mobile limit=3 href=/lake-charles/mobile-homes}}",Search available homes,"Title, land ownership, age, installation and financing",'SWLA' removed; 21 Lake Charles mobile listings. Financing section is the Bayou handoff.,https://www.landhomegroup.com/lake-charles/,Planned,,,
49,2026-11-27,"What It's Like Living in DeQuincy, Louisiana",Kept,living in dequincy la,Neighborhoods,Buyer,Medium,/dequincy/homes-for-sale,Existing page,/dequincy/homes-under-250k ; /dequincy/homes-with-acreage,,,{{listings city=DeQuincy limit=3 href=/dequincy/homes-for-sale}},Explore DeQuincy homes,"Local amenities, housing mix, verified commute routes",,https://www.landhomegroup.com/dequincy/,Planned,,,
50,2026-11-28,Westlake Neighborhood Guide: Where Homes Are Located,Kept,westlake la neighborhoods,Neighborhoods,Buyer,Medium,/westlake/homes-for-sale,Existing page,/westlake/single-family-homes ; /westlake/land-for-sale,/blog/best-neighborhoods-lake-charles,D53 ; D41 ; D40,{{listings city=Westlake limit=3 href=/westlake/homes-for-sale}},Browse Westlake listings,"Verify neighborhood names, subdivision boundaries and roads",No Westlake subdivision pages exist.,https://www.landhomegroup.com/westlake/,Planned,,,
51,2026-11-29,Iowa vs Lake Charles: Buying Outside the City,Kept,iowa la vs lake charles living,Comparisons,Buyer,Medium,/iowa/homes-for-sale,Existing page,/iowa/homes-with-acreage ; /lake-charles/homes-for-sale,/blog/best-suburbs-lake-charles,D48 ; D54 ; D55,"{{listings city=Iowa limit=2 href=/iowa/homes-for-sale}}
{{listings city=""Lake Charles"" limit=2 href=/lake-charles/homes-for-sale}}",Compare homes,"Commute, lots, tax context and amenities",,https://www.landhomegroup.com/iowa/,Planned,,,
52,2026-11-30,Should You Buy a House Near I-10 in Sulphur?,Kept,living near i10 sulphur la,Neighborhoods,Buyer,Medium,/sulphur/homes-for-sale,Existing page,/blog/lake-charles-flood-zones-explained ; /sulphur/homes-under-250k,/blog/lake-charles-flood-zones-explained,D53 ; D56 ; D47,{{listings city=Sulphur limit=3 href=/sulphur/homes-for-sale}},Browse Sulphur listings,"Noise, access, flood maps, commute and resale factors",,https://www.landhomegroup.com/sulphur/,Planned,,,
53,2026-12-01,What Does $300K Buy in Westlake vs Sulphur?,Kept,300k homes westlake sulphur,Comparisons,Buyer,Medium,/westlake/homes-for-sale,Existing page,/listings?city=Sulphur&maxPrice=300000 ; /sulphur/homes-for-sale,,D52 ; D50 ; D56,"{{listings city=Westlake max=300000 limit=2 href=/westlake/homes-for-sale}}
{{listings city=Sulphur max=300000 limit=2 href=/listings?city=Sulphur&maxPrice=300000}}",Compare homes,"Side-by-side listings, size and age",,https://www.landhomegroup.com/westlake/,Planned,,,
54,2026-12-02,Buying a House with a Detached Garage in Lake Charles,Kept,detached garage homes lake charles,Land & property,Buyer,Medium,/listings?city=Lake+Charles&feature=garage,Search fallback: create dedicated page,/lake-charles/homes-for-sale ; /lake-charles/homes-with-shop-for-sale,,D55 ; D51 ; D58,"{{listings city=""Lake Charles"" features=garage limit=3 href=/listings?city=Lake+Charles&feature=garage}}",View properties,"Garage vs shop, permitting, access and listings",Dedicated 'detached garage' flag does not exist; garage feature is an approximation.,https://www.landhomegroup.com/lake-charles/,Planned,,,
55,2026-12-03,Are Newer Houses Always Cheaper to Insure in Lake Charles?,Retitled,new vs old home insurance lake charles,Local due diligence,Buyer,Medium,/lake-charles/homes-for-sale,Existing page,/lake-charles/new-construction-homes ; /get-pre-approved,/blog/lake-charles-flood-zones-explained ; /blog/cost-of-living-in-lake-charles,D54 ; D58 ; D51,"{{listings city=""Lake Charles"" features=new_construction limit=3 href=/lake-charles/new-construction-homes}}",Compare homes,Get local insurer quotes; roofs and location matter,'SWLA' removed. No unsourced premium numbers.,https://www.landhomegroup.com/lake-charles/,Planned,,,
56,2026-12-04,Selling in Sulphur Right Now: What Your Competition Looks Like,Replaced,sulphur la days on market homes,Seller questions,Seller,Medium,/home-value,Tool page,/sulphur/homes-for-sale ; /blog/how-long-to-sell-a-home-in-sulphur-la,/blog/how-long-to-sell-a-home-in-sulphur-la ; /blog/how-to-sell-your-home-in-lake-charles,D53 ; D52 ; D59,{{listings city=Sulphur limit=3 href=/sulphur/homes-for-sale}},Get my Sulphur home value,"Last 90 days MLS trend, distributions and price segments",Original ('days on market Sulphur') duplicates the already-published how-long-to-sell-a-home-in-sulphur-la. New angle: live active competition by price band.,https://www.landhomegroup.com/sulphur/,Planned,,,
57,2026-12-05,How Much Is My House Worth in Moss Bluff?,Kept,moss bluff la home value,Seller questions,Seller,Medium,/home-value,Tool page,/moss-bluff/homes-for-sale ; /blog/how-long-to-sell-a-home-in-moss-bluff-la,/blog/how-long-to-sell-a-home-in-moss-bluff-la ; /blog/how-to-sell-your-home-in-lake-charles,D61 ; D65 ; D45,"{{listings city=""Moss Bluff"" limit=3 href=/moss-bluff/homes-for-sale}}",Request home valuation,"Sold comps, adjustments, condition and price strategy",Original linked the city hub; /home-value is the converting page.,https://www.landhomegroup.com/moss-bluff/,Planned,,,
58,2026-12-06,What Does It Cost to Sell a House in Lake Charles?,Kept,selling house closing costs lake charles la,Seller questions,Seller,Medium,/home-value,Tool page,/lake-charles/homes-for-sale ; /blog/how-to-get-mortgage-pre-approval-lake-charles,/blog/how-to-sell-your-home-in-lake-charles ; /blog/how-long-to-sell-a-home-in-lake-charles-la,D55 ; D54 ; D60,(none: process post),Request net sheet,"Title, commission negotiability, concessions, repairs",Process post; no listings embed.,https://www.landhomegroup.com/lake-charles/,Planned,,,
59,2026-12-07,Selling a Home with a Pool in Sulphur: What Buyers Check,Kept,selling pool house sulphur la,Seller questions,Seller,Medium,/home-value,Tool page,/sulphur/homes-with-pools ; /sulphur/homes-for-sale,/blog/how-long-to-sell-a-home-in-sulphur-la,D53 ; D56 ; D52,{{listings city=Sulphur features=pool limit=3 href=/sulphur/homes-with-pools}},Schedule listing consultation,"Pool condition, safety, upkeep docs, photo priorities",Show the competing pool homes sellers are up against.,https://www.landhomegroup.com/sulphur/,Planned,,,
60,2026-12-08,Should You Fix the Roof Before Selling in Louisiana?,Retitled,repair roof before selling louisiana,Seller questions,Seller,Medium,/home-value,Tool page,/lake-charles/homes-for-sale,/blog/how-to-sell-your-home-in-lake-charles,D55 ; D58 ; D62,(none: process post),Discuss sale preparation,"Contractor estimates, insurance and disclosure questions",'SWLA' removed. Process post.,https://www.landhomegroup.com/lake-charles/,Planned,,,
61,2026-12-09,How to Price a Home with Acreage in Moss Bluff,Kept,pricing acreage property moss bluff,Seller questions,Seller,Targeted,/home-value,Tool page,/moss-bluff/homes-with-acreage ; /moss-bluff/land-for-sale,/blog/how-long-to-sell-a-home-in-moss-bluff-la,D57 ; D65 ; D69,"{{listings city=""Moss Bluff"" features=acre_plus limit=3 href=/moss-bluff/homes-with-acreage}}",Request pricing review,"Differentiate improved land, house comps and access",,https://www.landhomegroup.com/moss-bluff/homes-with-acreage,Planned,,,
62,2026-12-10,How to Sell an Inherited House in Calcasieu Parish,Kept,inherited house sale calcasieu parish,Seller questions,Seller,Targeted,/home-value,Tool page,/lake-charles/homes-for-sale ; /contact,/blog/how-to-sell-your-home-in-lake-charles ; /blog/how-long-to-sell-a-home-in-lake-charles-la,D60 ; D64 ; D55,(none: process post),Discuss next steps,Succession/title process; attorney review and timeline,Legal/process; attorney disclaimer. No embed.,https://www.landhomegroup.com/lake-charles/,Planned,,,
63,2026-12-11,Which Home Updates Pay Off Before Selling in Sulphur?,Kept,preparing home for sale sulphur la,Seller questions,Seller,Targeted,/home-value,Tool page,/sulphur/homes-for-sale ; /sulphur/homes-for-sale,/blog/how-long-to-sell-a-home-in-sulphur-la ; /blog/how-to-sell-your-home-in-lake-charles,D66 ; D59 ; D72,{{listings city=Sulphur features=updated limit=3 href=/sulphur/homes-for-sale}},Book walkthrough,"Local buyer objections, estimate ROI without false promises",Embed recently updated homes as the buyer benchmark.,https://www.landhomegroup.com/sulphur/,Planned,,,
64,2026-12-12,Should You Sell or Rent Out Your Lake Charles House?,Kept,sell or rent house lake charles,Seller questions,Seller,Targeted,/home-value,Tool page,/lake-charles/homes-for-sale ; /contact,/blog/how-to-sell-your-home-in-lake-charles,D62 ; D67 ; D60,(none: process post),Discuss options,"Vacancy, insurance, cash flow, transaction costs",Process post.,https://www.landhomegroup.com/lake-charles/,Planned,,,
65,2026-12-13,What Buyers Notice First in Moss Bluff Listings,Kept,selling house moss bluff photos staging,Seller questions,Seller,Targeted,/home-value,Tool page,/moss-bluff/homes-for-sale,/blog/how-to-sell-your-home-in-lake-charles,D61 ; D69 ; D73,"{{listings city=""Moss Bluff"" limit=3 href=/moss-bluff/homes-for-sale}}",Get listing plan,"Examples of layout, photography, disclosure and yard prep",,https://www.landhomegroup.com/moss-bluff/,Planned,,,
66,2026-12-14,How to Sell a House in a Flood Zone in Sulphur,Kept,selling flood zone house sulphur la,Seller questions,Seller,Targeted,/home-value,Tool page,/sulphur/homes-for-sale ; /blog/lake-charles-flood-zones-explained,/blog/lake-charles-flood-zones-explained ; /blog/how-long-to-sell-a-home-in-sulphur-la,D63 ; D72 ; D70,(none: process post),Request sale review,"Required disclosures, insurance quotes, records",Flood content allowed here.,https://www.landhomegroup.com/sulphur/,Planned,,,
67,2026-12-15,Why Has My Lake Charles Home Not Sold?,Kept,house not selling lake charles la,Seller questions,Seller,Targeted,/home-value,Tool page,/lake-charles/homes-for-sale ; /contact,/blog/how-long-to-sell-a-home-in-lake-charles-la ; /blog/how-to-sell-your-home-in-lake-charles,D68 ; D64 ; D74,(none: process post),Get listing audit,"Price-to-market, photos, access, repairs and timing",Pairs with the published how-long-to-sell post.,https://www.landhomegroup.com/lake-charles/,Planned,,,
68,2026-12-16,What Sellers Should Know About Buyer Inspections in LA,Kept,louisiana home inspection after offer seller,Seller questions,Seller,Targeted,/home-value,Tool page,/lake-charles/homes-for-sale ; /contact,/blog/how-to-sell-your-home-in-lake-charles,D67 ; D74 ; D64,(none: process post),Plan your sale,"Inspection period, negotiations, licensed pro questions",Process post.,https://www.landhomegroup.com/lake-charles/,Planned,,,
69,2026-12-17,Selling a House with a Workshop in Moss Bluff,Kept,selling house with shop moss bluff,Seller questions,Seller,Targeted,/home-value,Tool page,/moss-bluff/homes-with-shop-for-sale,/blog/how-long-to-sell-a-home-in-moss-bluff-la,D73 ; D65 ; D76,"{{listings city=""Moss Bluff"" features=shop limit=3 href=/moss-bluff/homes-with-shop-for-sale}}",Get property valuation,"Document permits, electrical, usable size and comps",,https://www.landhomegroup.com/moss-bluff/homes-with-shop-for-sale,Planned,,,
70,2026-12-18,What Does a Home Appraisal Mean for a Sulphur Seller?,Kept,appraisal lower than price sulphur la,Seller questions,Seller,Targeted,/home-value,Tool page,/sulphur/homes-for-sale ; /get-pre-approved,/blog/how-long-to-sell-a-home-in-sulphur-la,D72 ; D66 ; D78,(none: process post),Talk to listing agent,"Comps, appraisal gap choices and contract terms",Process post.,https://www.landhomegroup.com/sulphur/,Planned,,,
71,2026-12-19,How to Sell a Vacant Home in Westlake,Kept,selling vacant home westlake la,Seller questions,Seller,Targeted,/home-value,Tool page,/westlake/homes-for-sale ; /contact,/blog/how-long-to-sell-a-home-in-westlake-la,D82 ; D53 ; D50,(none: process post),Get sale checklist,"Security, utilities, upkeep, insurance and showings",,https://www.landhomegroup.com/westlake/,Planned,,,
72,2026-12-20,"Buying in Vinton vs Sulphur: Homes, Lots and Commutes",Kept,vinton vs sulphur la living,Comparisons,Buyer,Targeted,/vinton/homes-for-sale,Existing page,/sulphur/homes-for-sale ; /vinton/homes-under-250k,,D70 ; D66 ; D78,"{{listings city=Vinton limit=2 href=/vinton/homes-for-sale}}
{{listings city=Sulphur limit=2 href=/sulphur/homes-for-sale}}",Search both towns,"Cross-border commute, amenities, house styles",,https://www.landhomegroup.com/vinton/,Planned,,,
73,2026-12-21,Ragley vs Moss Bluff: Which Offers More Space?,Kept,ragley vs moss bluff homes,Comparisons,Buyer,Targeted,/ragley/homes-for-sale,Existing page,/moss-bluff/homes-for-sale ; /ragley/homes-with-acreage,,D69 ; D76 ; D79,"{{listings city=Ragley limit=2 href=/ragley/homes-for-sale}}
{{listings city=""Moss Bluff"" limit=2 href=/moss-bluff/homes-for-sale}}",Compare properties,"Lot size, road travel, price and service comparison",,https://www.landhomegroup.com/moss-bluff/,Planned,,,
74,2026-12-22,Buying a House Near McNeese State University,Kept,homes near mcneese state university,Neighborhoods,Buyer,Targeted,/lake-charles/70601-homes-for-sale,Existing page,/lake-charles/homes-under-200k ; /lake-charles/homes-for-sale,/blog/best-neighborhoods-lake-charles,D75 ; D76 ; D77,"{{listings city=""Lake Charles"" hood=""summer place"" limit=3 href=/listings?city=Lake+Charles&neighborhood=summer-place}}",See nearby homes,"Nearby inventory, commuting, student-area considerations","Verify ZIP: McNeese's campus is, to my knowledge, 70609 and no 70609 page exists. Confirm before publishing.",https://www.landhomegroup.com/lake-charles/,Planned,,,
75,2026-12-23,Best Questions to Ask About a Lake Charles HOA,Kept,hoa questions lake charles house buying,Local due diligence,Buyer,Targeted,/lake-charles/homes-for-sale,Existing page,/blog/how-to-get-mortgage-pre-approval-lake-charles ; /blog/how-to-buy-a-house-in-lake-charles,/blog/how-to-buy-a-house-in-lake-charles,D74 ; D76 ; D77,"{{listings city=""Lake Charles"" limit=3 href=/lake-charles/homes-for-sale}}",Browse HOA communities,"Assessments, reserves, rules, documents, insurance",,https://www.landhomegroup.com/lake-charles/,Planned,,,
76,2026-12-24,Buying Waterfront vs Inland in Calcasieu Parish,Kept,waterfront vs inland homes lake charles,Comparisons,Buyer,Targeted,/lake-charles/waterfront-homes,Existing page,/moss-bluff/waterfront-homes ; /blog/lake-charles-flood-zones-explained,/blog/lake-charles-flood-zones-explained,D75 ; D77 ; D74,"{{listings city=""Lake Charles"" features=waterfront limit=3 href=/lake-charles/waterfront-homes}}",Compare waterfront options,"Insurance, maintenance, access and cost comparisons",Original linked Moss Bluff waterfront (9); Lake Charles page (71) is broader.,https://www.landhomegroup.com/moss-bluff/waterfront-homes/GA,Planned,,,
77,2026-12-25,How to Research a Property's Drainage History in Lake Charles,Retitled,house drainage history lake charles,Local due diligence,Buyer,Targeted,/lake-charles/homes-for-sale,Existing page,/blog/lake-charles-flood-zones-explained,/blog/lake-charles-flood-zones-explained,D76 ; D74 ; D80,"{{listings city=""Lake Charles"" limit=3 href=/lake-charles/homes-for-sale}}",Talk to local agent,"Seller disclosure, parish drainage, survey and inspections",'SWLA' removed.,https://www.landhomegroup.com/lake-charles/,Planned,,,
78,2026-12-26,Why Two Homes on the Same Street Can Price Differently,Kept,why houses same street different prices sulphur,Price & inventory,Buyer,Targeted,/sulphur/homes-for-sale,Existing page,/home-value,,D72 ; D85 ; D70,{{listings city=Sulphur limit=3 href=/sulphur/homes-for-sale}},Compare local homes,"Updates, condition, acreage, permits and sold comps",,https://www.landhomegroup.com/sulphur/,Planned,,,
79,2026-12-27,How to Find a House with Room for a Boat in Moss Bluff,Kept,moss bluff homes boat storage,Land & property,Buyer,Targeted,/moss-bluff/homes-with-shop-for-sale,Existing page,/moss-bluff/homes-with-acreage,,D76 ; D83 ; D84,"{{listings city=""Moss Bluff"" features=shop limit=3 href=/moss-bluff/homes-with-shop-for-sale}}",Find storage-ready homes,"Driveway, garage clearance, setbacks, HOA, flooding",,https://www.landhomegroup.com/moss-bluff/homes-with-shop-for-sale,Planned,,,
80,2026-12-28,Living in South Lake Charles: Neighborhood Tradeoffs,Kept,living in south lake charles la,Neighborhoods,Buyer,Targeted,/lake-charles/homes-for-sale,Existing page,/lake-charles/70605-homes-for-sale ; /lake-charles/morganfield-homes-for-sale,/blog/best-neighborhoods-lake-charles,D81 ; D77 ; D76,"{{listings city=""Lake Charles"" zip=70605 limit=3 href=/lake-charles/70605-homes-for-sale}}",Explore south Lake Charles,"Define subareas, price, amenities and local roads",,https://www.landhomegroup.com/lake-charles/,Planned,,,
81,2026-12-29,How to Choose Between a Slab and a Raised Home in Lake Charles,Retitled,raised vs slab home lake charles louisiana,Local due diligence,Buyer,Targeted,/lake-charles/homes-for-sale,Existing page,/blog/lake-charles-flood-zones-explained ; /lake-charles/single-story-homes,/blog/lake-charles-flood-zones-explained,D80 ; D76 ; D74,"{{listings city=""Lake Charles"" limit=3 href=/lake-charles/homes-for-sale}}",Compare listings,"Flood elevation, inspection, access and repair costs",'SWLA' removed; original title said 'brick vs raised' but the query is slab vs raised.,https://www.landhomegroup.com/lake-charles/,Planned,,,
82,2026-12-30,Westlake vs Carlyss: Which Is Closer to Your Job?,Kept,westlake vs carlyss louisiana,Comparisons,Buyer,Targeted,/westlake/homes-for-sale,Existing page,/carlyss/homes-for-sale ; /sulphur/homes-for-sale,/blog/venture-global-cp2-relocation-guide ; /blog/woodside-lng-relocation-guide,D89 ; D71 ; D50,"{{listings city=Westlake limit=2 href=/westlake/homes-for-sale}}
{{listings city=Carlyss limit=2 href=/carlyss/homes-for-sale}}",Compare local homes,"Worksite-dependent roads, daily needs, lot sizes",,https://www.landhomegroup.com/westlake/,Planned,,,
83,2026-12-31,Are 4-Bedroom Homes Hard to Find in Moss Bluff?,Kept,4 bedroom homes moss bluff la,Price & inventory,Buyer,Targeted,/moss-bluff/4-bedroom-homes,Existing page,/moss-bluff/homes-for-sale ; /lake-charles/4-bedroom-homes,,D84 ; D79 ; D87,"{{listings city=""Moss Bluff"" beds=4 limit=3 href=/moss-bluff/4-bedroom-homes}}",View 4-bedroom listings,Availability and pricing by square feet and age,33 listings: the answer is 'not that hard'; rewrite the premise.,https://www.landhomegroup.com/moss-bluff/4-bedroom-homes/GA,Planned,,,
84,2027-01-01,"Homes for Sale in 70611: Prices, Lots and Subdivisions",Reframed,buying home 70611 lake charles,Neighborhoods,Buyer,Targeted,/moss-bluff/70611-homes-for-sale,Existing page,/moss-bluff/homes-for-sale ; /get-pre-approved,,D83 ; D87 ; D79,"{{listings city=""Moss Bluff"" zip=70611 limit=3 href=/moss-bluff/70611-homes-for-sale}}",Browse 70611 homes,"ZIP coverage, subdivisions, MLS options and services",Differentiated from Day 13 (informational). This is the inventory/price twin.,https://www.landhomegroup.com/moss-bluff/70611-homes-for-sale/GA,Planned,,,
85,2027-01-02,Should You Buy New Construction or Renovate in Sulphur?,Kept,new construction vs renovation sulphur la,Land & property,Buyer,Targeted,/sulphur/new-construction-homes,Existing page,/sulphur/fixer-upper-homes-for-sale ; /get-pre-approved,,D86 ; D78 ; D72,"{{listings city=Sulphur features=new_construction limit=2 href=/sulphur/new-construction-homes}}
{{listings city=Sulphur features=fixer limit=2 href=/sulphur/fixer-upper-homes-for-sale}}",Compare listings,"Cost, timeline, permit, financing and condition tradeoffs",,https://www.landhomegroup.com/sulphur/,Planned,,,
86,2027-01-03,How to Choose a Listing Price for a Sulphur Home,Kept,pricing house for sale sulphur la,Seller questions,Seller,Targeted,/home-value,Tool page,/sulphur/homes-for-sale ; /blog/how-long-to-sell-a-home-in-sulphur-la,/blog/how-long-to-sell-a-home-in-sulphur-la ; /blog/how-to-sell-your-home-in-lake-charles,D85 ; D78 ; D72,{{listings city=Sulphur limit=3 href=/sulphur/homes-for-sale}},Request pricing analysis,"Sold comps, active competitors, pricing bands",Competing active homes = pricing context.,https://www.landhomegroup.com/sulphur/,Planned,,,
87,2027-01-04,Moss Bluff Housing Market: A 90-Day Local Snapshot,Kept,moss bluff housing market 2027,Seller questions,Both,Targeted,/moss-bluff/homes-for-sale,Existing page,/home-value ; /moss-bluff/homes-under-300k,/blog/how-long-to-sell-a-home-in-moss-bluff-la,D84 ; D83 ; D79,"{{listings city=""Moss Bluff"" limit=3 href=/moss-bluff/homes-for-sale}}",View homes or get my value,Current MLS closed and active data; avoid unsourced forecasts,Use active/pending data only; closed data not in Supabase.,https://www.landhomegroup.com/moss-bluff/,Planned,,,
88,2027-01-05,Lake Charles Housing Market This Winter: What Buyers Should Watch,Retitled,southwest louisiana housing market winter,Price & inventory,Both,Targeted,/lake-charles/homes-for-sale,Existing page,/get-pre-approved ; /home-value,/blog/how-long-to-sell-a-home-in-lake-charles-la ; /blog/cost-of-living-in-lake-charles,D81 ; D80 ; D77,"{{listings city=""Lake Charles"" limit=3 href=/lake-charles/homes-for-sale}}",Explore current homes,"Seasonal inventory, local contract activity and lender inputs",'SWLA' removed.,https://www.landhomegroup.com/lake-charles/,Planned,,,
89,2027-01-06,Selling a House in Carlyss: What Affects Your Price?,Kept,selling house carlyss la,Seller questions,Seller,Targeted,/home-value,Tool page,/carlyss/homes-for-sale ; /blog/how-long-to-sell-a-home-in-carlyss-la,/blog/how-long-to-sell-a-home-in-carlyss-la,D82 ; D47 ; D17,{{listings city=Carlyss limit=3 href=/carlyss/homes-for-sale}},Request local valuation,"Compare nearby sold homes, condition, lot features and market demand",,https://www.landhomegroup.com/carlyss/,Planned,,,
90,2027-01-07,How to Evaluate an Acreage Listing in Vinton,Kept,buying acreage vinton louisiana,Land & property,Buyer,Targeted,/vinton/homes-with-acreage,Existing page,/vinton/land-for-sale ; /vinton/homes-for-sale,,D72,{{listings city=Vinton features=acre_plus limit=3 href=/vinton/homes-with-acreage}},Explore Vinton listings,"Check access, survey, floodplain, utilities and restrictions",,https://www.landhomegroup.com/vinton/,Planned,,,
